pair_index,gt_x,gt_y,centroid_err_mm,ellipse_err_mm,caliber_err_mm,weighted_err_mm,estimated_uncertainty_mm,confidence,runtime_ms
0,470.0,480.0,0.5459436885184359,0.5714354288096103,0.5319438748057054,0.3520721676935164,0.08882610216890052,0.8553447694143592,153.84680000033768
0,530.0,620.0,0.49456958355289965,0.5038316009878424,0.49680915497006234,0.31999733281003356,0.08062481968423273,0.8119443560436982,153.84680000033768
1,450.0,520.0,0.3508490309983052,0.3381935963810978,0.3617738478003122,0.4551863701816242,0.05072700182375467,0.916694837172219,62.52764999999272
1,620.0,390.0,0.37806956209646875,0.3221346959298255,0.07338429899648968,0.25210307105837476,0.11552154701551101,0.8236778127026598,62.52764999999272
2,380.0,410.0,0.74806997768758,0.7489166928591863,0.7535776050711336,0.7580423401744534,0.07256215532910004,0.8969856735474798,68.25034999974378
2,710.0,580.0,1.401363019259996,1.3878099464250322,1.386497875148101,1.3658289612374093,0.042872347792933856,0.9271030607420458,68.25034999974378
