{
    "detection_rate_pct": 100.0,
    "missed_detections": 0,
    "total_test_cases": 6,
    "metrics": {
        "centroid_err_mm": {
            "mean": 0.3418645849040966,
            "median": 0.38054696902150564,
            "max": 0.5478323789942386,
            "std": 0.19735926804875523
        },
        "ellipse_err_mm": {
            "mean": 0.349392532310687,
            "median": 0.3832503651305603,
            "max": 0.5714354288096103,
            "std": 0.1959893797464635
        },
        "caliber_err_mm": {
            "mean": 0.33371848296981854,
            "median": 0.3586498242532015,
            "max": 0.531943139746518,
            "std": 0.18945176878121273
        },
        "weighted_err_mm": {
            "mean": 0.2006184742672734,
            "median": 0.21047618830397075,
            "max": 0.3821006436352869,
            "std": 0.15397001998081986
        },
        "runtime_ms": {
            "mean": 86.27318333310541,
            "median": 51.33834999969622,
            "max": 157.94084999970437,
            "std": 50.68200887281309
        },
        "estimated_uncertainty_mm": {
            "mean": 0.07162750667568119,
            "median": 0.07601183542562212,
            "max": 0.08882649673996834,
            "std": 0.015971004098636884
        }
    }
}