{
    "detection_rate_pct": 100.0,
    "missed_detections": 0,
    "total_test_cases": 6,
    "metrics": {
        "centroid_err_mm": {
            "mean": 0.6531441436856142,
            "median": 0.5202566360356677,
            "max": 1.401363019259996,
            "std": 0.3588241419384458
        },
        "ellipse_err_mm": {
            "mean": 0.6453869935654324,
            "median": 0.5376335148987264,
            "max": 1.3878099464250322,
            "std": 0.3620029543771257
        },
        "caliber_err_mm": {
            "mean": 0.600664442798634,
            "median": 0.5143765148878838,
            "max": 1.386497875148101,
            "std": 0.40651324748733764
        },
        "weighted_err_mm": {
            "mean": 0.5838717071925686,
            "median": 0.40362926893757034,
            "max": 1.3658289612374093,
            "std": 0.38552639606957484
        },
        "runtime_ms": {
            "mean": 94.87493333335806,
            "median": 68.25034999974378,
            "max": 153.84680000033768,
            "std": 41.76480270485188
        },
        "estimated_uncertainty_mm": {
            "mean": 0.0751889956357388,
            "median": 0.07659348750666639,
            "max": 0.11552154701551101,
            "std": 0.024124291760018412
        }
    }
}