pair_index,gt_x,gt_y,centroid_err_mm,ellipse_err_mm,caliber_err_mm,weighted_err_mm,estimated_uncertainty_mm,confidence,runtime_ms
0,470.0,480.0,0.5459436885184359,0.5714354288096103,0.531943139746518,0.3520721676935164,0.08882649673996834,0.8553447694143592,157.94084999970437
0,530.0,620.0,0.49456958355289965,0.5038316009878424,0.4968129308708735,0.31999733281003356,0.0806254071916022,0.8119443560436982,157.94084999970437
1,450.0,520.0,0.12859752980106207,0.1451156569361033,0.20333266836353192,0.02357674532265917,0.06543716649634952,0.9131120565524358,49.540349999915634
1,620.0,390.0,0.5478323789942386,0.5351391045424075,0.5122601224189763,0.3821006436352869,0.083183275929483,0.8234408849963195,49.540349999915634
2,380.0,410.0,0.26652435449011164,0.2626691292732783,0.22048671763552952,0.1009550437979079,0.07139826365964203,0.8828817500500012,51.33834999969622
2,710.0,580.0,0.06771997406783173,0.0781642733148804,0.03747531878348193,0.025008912344236224,0.040294430037042035,0.9291774197219391,51.33834999969622
